id_user,fullname,phone_number,email,created_at,id_city
1,Puti Puspa Yuliarti,+62-039-541-2591,putipuspayuliarti@gmail.com,2023-04-08 21:02:22,1375
2,"Kemba Riyanti, S.Psi",(033) 318-1389,"kembariyanti,s.psi@hotmail.com",2022-10-15 05:56:44,6472
3,Zelaya Hidayat,+62 (78) 732 1904,zelayahidayat@hotmail.com,2023-04-26 03:32:09,7371
4,"Vanesa Hidayanto, S.IP",(089) 937 8325,"vanesahidayanto,s.ip@yahoo.com",2023-03-12 16:58:49,6471
5,Jelita Irawan,+62 (39) 066-5984,jelitairawan@yahoo.com,2023-04-03 05:57:38,6472
6,Ratna Usamah,+62 (053) 859 8861,ratnausamah@yahoo.com,2022-07-18 22:35:57,3578
7,"Ir. Bakijan Purnawati, S.Psi",+62 (0008) 393 1480,"ir.bakijanpurnawati,s.psi@gmail.com",2022-10-11 04:45:58,3578
8,Ir. Yunita Maryadi,+62 (916) 975-2246,ir.yunitamaryadi@gmail.com,2022-12-18 09:08:18,3173
9,drg. Warji Winarsih,+62 (065) 969 5409,drg.warjiwinarsih@gmail.com,2023-05-07 02:17:25,6471
10,Hartana Mandala,(095) 230 7325,hartanamandala@gmail.com,2023-06-03 03:06:32,5171
11,Mila Wastuti,+62 (059) 437-8950,milawastuti@gmail.com,2023-06-26 23:29:19,1375
12,Asmadi Utami,+62 (055) 510-2886,asmadiutami@hotmail.com,2022-07-25 14:03:37,7371
13,Gandi Saptono,+62 (054) 252-7446,gandisaptono@yahoo.com,2023-04-29 17:26:15,1371
14,Hendri Marbun,+62 (0755) 175 0694,hendrimarbun@gmail.com,2023-04-22 04:02:34,3174
15,Cici Halim,+62 (0722) 026-0994,cicihalim@hotmail.com,2023-07-06 20:36:05,1375
16,Cut Yulia Utama,(0785) 606-1671,cutyuliautama@gmail.com,2023-01-20 16:00:35,3171
17,Putri Puspasari,(046) 303 2606,putripuspasari@yahoo.com,2023-04-01 16:09:39,1375
18,Pangeran Sihotang,+62-135-560-2957,pangeransihotang@hotmail.com,2022-12-04 10:14:49,3174
19,Galang Hidayat,+62-038-198-4243,galanghidayat@yahoo.com,2023-03-22 09:38:22,3273
20,"Ganda Agustina, S.T.",+62 (041) 975-4914,"gandaagustina,s.t.@yahoo.com",2023-05-08 03:37:32,3578
21,Hana Anggraini,+62 (700) 913 4864,hanaanggraini@yahoo.com,2023-03-10 11:18:36,1375
22,Kasiyah Tampubolon,(098) 499-7102,kasiyahtampubolon@gmail.com,2022-11-29 22:26:17,3173
23,Legawa Halim,+62-071-985-1478,legawahalim@yahoo.com,2023-04-19 05:31:33,5171
24,Ella Nurdiyanti,+62-442-368-8938,ellanurdiyanti@gmail.com,2023-05-19 12:07:50,3171
25,Jumadi Waluyo,+62 (62) 915-7106,jumadiwaluyo@yahoo.com,2022-11-24 07:36:05,6471
26,"Lukita Kuswandari, M.M.",+62-43-123-9834,"lukitakuswandari,m.m.@gmail.com",2023-06-14 17:14:17,6472
27,Bagas Sihombing,+62-089-764-4843,bagassihombing@gmail.com,2023-04-25 01:27:44,3174
28,"drg. Malika Mardhiyah, S.Gz",+62 (0940) 226 2013,"drg.malikamardhiyah,s.gz@yahoo.com",2023-03-26 12:34:21,1375
29,Dirja Wasita,(008) 602 3205,dirjawasita@gmail.com,2022-10-25 12:34:58,3172
30,"drg. Siska Wulandari, S.Ked",+62-0859-659-7888,"drg.siskawulandari,s.ked@hotmail.com",2022-12-20 12:32:04,5171
